SET @start_global_value = @@global.innodb_default_row_format;
SELECT @start_global_value;
@start_global_value
GCS
select @@session.innodb_default_row_format;
ERROR HY000: Variable 'innodb_default_row_format' is a GLOBAL variable
show global variables like 'innodb_default_row_format';
Variable_name	Value
innodb_default_row_format	GCS
show session variables like 'innodb_default_row_format';
Variable_name	Value
innodb_default_row_format	GCS
select * from information_schema.global_variables where variable_name='innodb_default_row_format';
VARIABLE_NAME	VARIABLE_VALUE
INNODB_DEFAULT_ROW_FORMAT	GCS
select * from information_schema.session_variables where variable_name='innodb_default_row_format';
VARIABLE_NAME	VARIABLE_VALUE
INNODB_DEFAULT_ROW_FORMAT	GCS
set global innodb_default_row_format=compact;
select @@global.innodb_default_row_format;
@@global.innodb_default_row_format
Compact
select * from information_schema.global_variables where variable_name='innodb_default_row_format';
VARIABLE_NAME	VARIABLE_VALUE
INNODB_DEFAULT_ROW_FORMAT	Compact
select * from information_schema.session_variables where variable_name='innodb_default_row_format';
VARIABLE_NAME	VARIABLE_VALUE
INNODB_DEFAULT_ROW_FORMAT	Compact
set session innodb_default_row_format=1;
ERROR HY000: Variable 'innodb_default_row_format' is a GLOBAL variable and should be set with SET GLOBAL
set global innodb_default_row_format=1.1;
ERROR 42000: Incorrect argument type to variable 'innodb_default_row_format'
set global innodb_default_row_format=1e1;
ERROR 42000: Incorrect argument type to variable 'innodb_default_row_format'
set global innodb_default_row_format="foo";
ERROR 42000: Variable 'innodb_default_row_format' can't be set to the value of 'foo'
set global innodb_default_row_format=gcs;
select @@global.innodb_default_row_format;
@@global.innodb_default_row_format
GCS
select * from information_schema.global_variables where variable_name='innodb_default_row_format';
VARIABLE_NAME	VARIABLE_VALUE
INNODB_DEFAULT_ROW_FORMAT	GCS
set global innodb_default_row_format=compact;
select @@global.innodb_default_row_format;
@@global.innodb_default_row_format
Compact
select * from information_schema.global_variables where variable_name='innodb_default_row_format';
VARIABLE_NAME	VARIABLE_VALUE
INNODB_DEFAULT_ROW_FORMAT	Compact
use test;
set global innodb_default_row_format=compact;
create table t_part(
id int not null
) partition by range(id)(
partition p1 values less than(100),
partition p2 values less than(200),
partition p3 values less than(300));
select TABLE_SCHEMA,TABLE_NAME,ENGINE,ROW_FORMAT,TABLE_ROWS,CREATE_OPTIONS from information_schema.tables where TABLE_SCHEMA = 'test' and table_name= 't_part';
TABLE_SCHEMA	TABLE_NAME	ENGINE	ROW_FORMAT	TABLE_ROWS	CREATE_OPTIONS
test	t_part	InnoDB	Compact	3	partitioned
set global innodb_default_row_format=gcs;
select TABLE_SCHEMA,TABLE_NAME,ENGINE,ROW_FORMAT,TABLE_ROWS,CREATE_OPTIONS from information_schema.tables where TABLE_SCHEMA = 'test' and table_name= 't_part';
TABLE_SCHEMA	TABLE_NAME	ENGINE	ROW_FORMAT	TABLE_ROWS	CREATE_OPTIONS
test	t_part	InnoDB	Compact	3	partitioned
alter table t_part add partition (partition p4 values less than(400));
select TABLE_SCHEMA,TABLE_NAME,ENGINE,ROW_FORMAT,TABLE_ROWS,CREATE_OPTIONS from information_schema.tables where TABLE_SCHEMA = 'test' and table_name= 't_part';
TABLE_SCHEMA	TABLE_NAME	ENGINE	ROW_FORMAT	TABLE_ROWS	CREATE_OPTIONS
test	t_part	InnoDB	Compact	4	partitioned
alter table t_part engine=innodb;
select TABLE_SCHEMA,TABLE_NAME,ENGINE,ROW_FORMAT,TABLE_ROWS,CREATE_OPTIONS from information_schema.tables where TABLE_SCHEMA = 'test' and table_name= 't_part';
TABLE_SCHEMA	TABLE_NAME	ENGINE	ROW_FORMAT	TABLE_ROWS	CREATE_OPTIONS
test	t_part	InnoDB	Gcs	4	partitioned
SET @@global.innodb_default_row_format = @start_global_value;
SELECT @@global.innodb_default_row_format;
@@global.innodb_default_row_format
GCS
