show variables like '%gcs%';
Variable_name	Value
innodb_create_use_gcs_real_format	OFF
set global innodb_create_use_gcs_real_format = on;
show variables like '%gcs%';
Variable_name	Value
innodb_create_use_gcs_real_format	ON
CREATE TABLE `t2_use_gcs_real_format` (
`c1` int(11) not null,
`c2` varchar(200) DEFAULT NULL
) ENGINE=InnoDB;
set @i:=0;
insert into t2_use_gcs_real_format values(@i:=@i+1, @i);
insert into t2_use_gcs_real_format values(@i:=@i+1, @i);
insert into t2_use_gcs_real_format values(@i:=@i+1, @i);
insert into t2_use_gcs_real_format values(@i:=@i+1, @i);
insert into t2_use_gcs_real_format select @i:=@i+1, @i from t2_use_gcs_real_format;
insert into t2_use_gcs_real_format select @i:=@i+1, @i from t2_use_gcs_real_format;
insert into t2_use_gcs_real_format select @i:=@i+1, @i from t2_use_gcs_real_format;
insert into t2_use_gcs_real_format select @i:=@i+1, @i from t2_use_gcs_real_format;
insert into t2_use_gcs_real_format select @i:=@i+1, @i from t2_use_gcs_real_format;
insert into t2_use_gcs_real_format select @i:=@i+1, @i from t2_use_gcs_real_format;
insert into t2_use_gcs_real_format select @i:=@i+1, @i from t2_use_gcs_real_format;
insert into t2_use_gcs_real_format select @i:=@i+1, @i from t2_use_gcs_real_format;
insert into t2_use_gcs_real_format select @i:=@i+1, @i from t2_use_gcs_real_format;
insert into t2_use_gcs_real_format select @i:=@i+1, @i from t2_use_gcs_real_format;
insert into t2_use_gcs_real_format select @i:=@i+1, @i from t2_use_gcs_real_format;
select row_format from information_schema.tables where table_name='t2_use_gcs_real_format';
row_format
GCS
create unique index pk_d1 on t2_use_gcs_real_format(c1);
select row_format from information_schema.tables where table_name='t2_use_gcs_real_format';
row_format
GCS
select count(c2) from t2_use_gcs_real_format;
count(c2)
8192
create table t3_use_gcs_real_format(c1 int, c2 varchar(200)) engine = innodb;
insert into t3_use_gcs_real_format select * from t2_use_gcs_real_format;
select row_format from information_schema.tables where table_name='t3_use_gcs_real_format';
row_format
GCS
truncate table t3_use_gcs_real_format;
select row_format from information_schema.tables where table_name='t3_use_gcs_real_format';
row_format
GCS
drop table t2_use_gcs_real_format;
drop table t3_use_gcs_real_format;
set global innodb_create_use_gcs_real_format = off;
